id,topic,category
1,Ye 10 Desh Bina Visa Ke Ghoom Sakte Ho Indians,visa_free
2,Visa on Arrival Wale 15 Desh Jo Koi Nahi Batata,visa_free
3,Bina Visa Ke Dubai Kaise Jaye Full Guide,visa_free
4,Indonesia Visa Free Hai Ya Nahi Poora Sach,visa_free
5,Nepal Bhutan Free Entry Indians Ke Liye Kyu,visa_free
6,Sri Lanka Visa 2 Minute Me Kaise Milta Hai,visa_free
7,Maldives Visa Free Trip Under Budget,visa_free
8,Thailand Visa On Arrival Full Process Dikhaya,visa_free
9,Kenya Africa Bina Visa Ke Jaane Ka Jugaad,visa_free
10,Malaysia E-Visa 5 Minute Me Kaise Banaye,visa_free
11,Ye Desh Indian Passport Se Free Ghoom Sakte Ho,visa_free
12,Duniya Ke Sabse Powerful Indian Visa Free Countries,visa_free
13,Rs 15000 Me Nepal Ki Poori Trip,budget_yatra
14,Rs 20000 Me Videsh Yatra Kaise Karein,budget_yatra
15,Rs 25000 Me Sri Lanka Poora Ghoom Aaye,budget_yatra
16,Rs 30000 Me Thailand Trip Flight Se Khana Tak,budget_yatra
17,Rs 35000 Me Vietnam Backpacking Guide,budget_yatra
18,Rs 40000 Me Bali Indonesia Honeymoon Trip,budget_yatra
19,Rs 10000 Me Bhutan Trip Possible Hai Kya,budget_yatra
20,Rs 50000 Me Dubai Full Trip Budget Breakdown,budget_yatra
21,Sabse Sasta Videsh Trip Kaunsa Hai 2026,budget_yatra
22,1 Mahine Ki Salary Me Pura Southeast Asia,budget_yatra
23,Rs 45000 Me Singapore Malaysia Combo Trip,budget_yatra
24,Student Budget Me Europe Kaise Ghoome,budget_yatra
25,Rs 8000 Me India Ke Sabse Sasta Hill Station,budget_yatra
26,Zero Budget Travel Hacks Jo Koi Nahi Batata,budget_yatra
27,Ye Desh Indians Se Sabse Zyada Pyar Karta Hai,love_hate
28,Is Desh Me Indians Ko Dekhte Hi Log Bhag Jaate Hai,love_hate
29,Japan Me Indians Ko Kaise Treat Karte Hai Sach,love_hate
30,China Me Indian Traveler Ke Saath Kya Hota Hai,love_hate
31,Georgia Indians Ko Kyu Itna Pasand Karta Hai,love_hate
32,Vietnam Me Indians Ke Saath Racism Sach Ya Jhooth,love_hate
33,Ye African Desh Indians Ka Dil Se Swagat Karta Hai,love_hate
34,Kaunsa Desh Indian Culture Sabse Zyada Respect Karta Hai,love_hate
35,Pakistan Border Ke Paas Wale Desh Indians Ko Kaise Dekhte Hai,love_hate
36,Middle East Me Indian Workers Ke Saath Asli Scene,love_hate
37,Airport Pe Ye 5 Galti Kabhi Mat Karna,airport_scam
38,Bangkok Airport Ka Sabse Bada Scam Dikhaya,airport_scam
39,Taxi Wale Kaise Loot Te Hai Videsh Me Indians Ko,airport_scam
40,Currency Exchange Scam Se Kaise Bacho,airport_scam
41,Dubai Airport Pe Ye Cheez Kabhi Mat Karna,airport_scam
42,Fake Tour Guide Scam Jo Har Indian Ke Saath Hota Hai,airport_scam
43,SIM Card Scam Videsh Me Kaise Hota Hai,airport_scam
44,Hotel Booking Scam Se Bachne Ka Tarika,airport_scam
45,ATM Scam Jo Videsh Me Sabse Zyada Hota Hai,airport_scam
46,Passport Kho Jaye To Videsh Me Kya Kare,airport_scam
47,Ye 8 Jagah Indians Ko Entry Nahi Milti,banned_places
48,Duniya Ka Sabse Secret Desh Jaha Tourist Nahi Ja Sakte,banned_places
49,North Korea Indians Ke Liye Kyu Band Hai,banned_places
50,Ye Island Duniya Se Kata Hua Hai Koi Nahi Ja Sakta,banned_places
51,India Ke Ye 5 Jagah Pe Foreigners Nahi Ja Sakte,banned_places
52,Kashmir Ke Kuch Ilake Kyu Restricted Hai,banned_places
53,Andaman Ki Sentinel Island Ka Raaz,banned_places
54,Ye Border Area Bina Permit Ke Nahi Ja Sakte,banned_places
55,Duniya Ke Sabse Restricted Military Zones,banned_places
56,Bhutan Me Har Tourist Nahi Ja Sakta Kyu,banned_places
57,Duniya Ka Sabse Sasta Desh Ghoomne Ke Liye,cheap_countries
58,Vietnam Me Ek Din Ka Kharcha Sirf Itna Hai,cheap_countries
59,Nepal Se Sasta Koi Desh Nahi Hai Indians Ke Liye,cheap_countries
60,Laos Cambodia Me Kitna Sasta Milta Hai Sab Kuch,cheap_countries
61,Georgia Armenia Budget Travel Ka Best Combo,cheap_countries
62,Uzbekistan Kitna Sasta Hai Indians Ke Liye,cheap_countries
63,Ye 5 Desh Jaha 1 Rupya 4 Rupye Ban Jaata Hai,cheap_countries
64,Egypt Kitne Budget Me Ghoom Sakte Ho,cheap_countries
65,Sabse Sasta Beach Destination Kaunsa Hai,cheap_countries
66,Philippines Budget Travel Guide Indians Ke Liye,cheap_countries
67,India Ki Ye Chhupi Hui Jagah Kisi Ko Nahi Pata,hidden_places
68,Meghalaya Ki Ye Living Root Bridge Dekhi Kya,hidden_places
69,Himachal Ka Ye Gaon Switzerland Se Kam Nahi,hidden_places
70,Rajasthan Ka Ye Fort Jaha Bhoot Rehte Hai,hidden_places
71,Kerala Ki Ye Backwater Jagah Kisi Ko Pata Nahi,hidden_places
72,Sikkim Ka Ye Lake Heaven Se Kam Nahi,hidden_places
73,Goa Ki Ye Secret Beach Jaha Bheed Nahi Hoti,hidden_places
74,Uttarakhand Ka Ye Trek Duniya Ka Sabse Khoobsurat,hidden_places
75,Assam Ki Ye Jagah India Me Hoke Bhi Videsh Lagti Hai,hidden_places
76,Ladakh Ki Ye Jagah Google Map Pe Bhi Nahi Milti,hidden_places
77,Vietnam Ka Ye Cave Duniya Ka Sabse Bada Hai,hidden_places
78,Indonesia Ka Ye Island Kisi Tourist Ne Nahi Dekha,hidden_places
79,Dubai Me Ek Raat Ka Kharcha Itna Hota Hai,luxury_travel
80,Duniya Ka Sabse Mehenga Hotel Andar Se Kaisa Dikhta Hai,luxury_travel
81,Maldives Ka Overwater Villa Kitne Ka Padta Hai,luxury_travel
82,Switzerland Trip Ka Real Budget Kitna Hai,luxury_travel
83,First Class Flight Me Safar Kaisa Lagta Hai,luxury_travel
84,India Ka Sabse Luxury Train Andar Se Kaisa Hai,luxury_travel
85,Private Jet Se Videsh Jaana Kitna Mehenga Hai,luxury_travel
86,Dubai Ke Sabse Amir Log Kaha Ghoomte Hai,luxury_travel
87,Videsh Me Indian Khana Kaha Milega Full Guide,food_culture
88,Thailand Me Indian Restaurant Dhundhna Itna Asaan Hai,food_culture
89,Bali Me Vegetarian Khana Milta Hai Ya Nahi,food_culture
90,Dubai Me Indian Food Street Kaha Hai,food_culture
91,Foreign Me Roti Sabzi Kaise Banaye Travel Hack,food_culture
92,Vietnam Ka Street Food Indians Ko Pasand Aayega Kya,food_culture
93,Videsh Me Sabse Sasta Indian Khana Kaha Milta Hai,food_culture
94,Bangkok Ki Indian Colony Jaha Sab Kuch Desi Hai,food_culture
95,Passport Pe Ye Galti Hui To Jail Ho Sakti Hai,misc_facts
96,Videsh Jaane Se Pehle Ye 5 Document Zaroor Rakho,misc_facts
97,Travel Insurance Zaroori Hai Ya Waste Of Money,misc_facts
98,Solo Female Travel Ke Liye Sabse Safe Desh Kaunsa,misc_facts
99,Indian Rupee Sabse Zyada Value Kaha Milti Hai,misc_facts
100,2026 Me Indians Ke Liye Best Budget Destinations,misc_facts
